Equipment_ID,Item Name,Description,Category,Crafting Materials,"Crafting Materials
(qty x item id)",Abilities,Permanent/Temporary Boost,Image,Crafting Level Req,Crafting XP,Crafting Interval (S),Crafting Interval (M),Buy Price (Stars),Buy Price (GP),Buy Price ($DITTO),Multiplier Per Buy,Sell Price (GP),GP/S,Rarity,Skill Interval Multiplier,Double Resource Chance,Double Skill XP Chance,Double Combat XP Chance,Flat Skill XP Boost,Flat Combat XP Boost,Farming Level Req,Crefting Level Req (to Equip),Combat Level Req,MAX HP Mod,ATK SPD mod,ACC Mod,EVA Mod,MAX MELEE DMG Mod,MAX RANGE DMG Mod,MAX MAGIC DMG Mod,CRIT CHANCE Mod,CRIT MULTIPLIER Mod,DMG REDUCTION Mod,MAGIC DMG REDUCTION Mod,HP REGEN RATE Mod,HP REGEN AMOUNT Mod,MELEE FACTOR,RANGE FACTOR,MAGIC FACTOR,REINFORCE AIR,REINFORCE WATER,REINFORCE EARTH,REINFORCE FIRE,Stat Profile
1,Rustfang,A worn blade with flaking edges. Still good enough to scare off slimebats.,Weapon (Melee),10 Barkwood,10x26,,,https://kibble.s3.ap-southeast-2.amazonaws.com/ditto-quest/01-swords-160pc/Swords_Normal_2.png,1,50,20,0 m 20 s,,,,,50,2.500,D,,,,,,,,,1,*1.02,*1.02,*1.02,*1.02,50,0,0,,,*1.02,*1.02,,*1.02,3,0,0,,,,,Melee Offensive
2,Timbertooth,Carved from ironwood and nailed with steel teeth. Surprisingly dependable.,Weapon (Melee),20 Barkwood,20x26,,,https://kibble.s3.ap-southeast-2.amazonaws.com/ditto-quest/01-swords-160pc/Swords_Normal_4.png,4,105,22,0 m 22 s,,,,,105,4.773,D,,,,,,,,,4,*1.03,*1.03,*1.02,*1.02,65,0,0,,,*1.02,*1.02,,*1.02,4,0,0,,,,,Melee Offensive
3,Ironlink,Forged from spare chain loops. It clinks louder than it cuts.,Weapon (Melee),"20 Barkwood
10 Flintrock","20x26
10x1",,,https://kibble.s3.ap-southeast-2.amazonaws.com/ditto-quest/01-swords-160pc/Swords_Normal_6.png,7,170,24,0 m 24 s,,,,,170,7.083,D,,,,,,,,,7,*1.04,*1.04,*1.03,*1.03,80,0,0,,,*1.03,*1.03,,*1.03,5,0,0,,,,,Melee Offensive
4,Mirepiercer,"Shaped to jab, not swing. Perfect for stabbing through swamp armor.",Weapon (Melee),"20 Barkwood
20 Flintrock","20x26
20x1",,,https://kibble.s3.ap-southeast-2.amazonaws.com/ditto-quest/01-swords-160pc/Swords_Normal_8.png,10,235,25,0 m 25 s,,,,,235,9.400,D,,,,,,,,,10,*1.05,*1.04,*1.03,*1.03,100,0,0,,,*1.04,*1.04,,*1.03,6,0,0,,,,,Melee Offensive
5,Glowbrand,A simple core blade with a faint internal shimmer. A favorite among trainees.,Weapon (Melee),"30 Dusklead
5 Ooze Shards","30x2
5x25",,,https://kibble.s3.ap-southeast-2.amazonaws.com/ditto-quest/01-swords-160pc/Swords_Normal_10.png,15,230,30,0 m 30 s,,,,,280,9.333,D,,,,,,,,,20,*1.08,*1.06,*1.04,*1.04,150,0,0,,,*1.06,*1.06,,*1.04,9,0,0,,,,,Melee Offensive
6,Hollowsteel,"Thin and light, yet unnaturally strong. Whistles on wide arcs.",Weapon (Melee),"30 Palegrain
30 Hearthshard
30 Dusklead","30x27
30x17
30x2",,,https://kibble.s3.ap-southeast-2.amazonaws.com/ditto-quest/01-swords-160pc/Swords_Normal_12.png,20,745,35,0 m 35 s,,,,,745,21.286,D,,,,,,,,,30,*1.11,*1.08,*1.05,*1.05,200,0,0,,,*1.08,*1.08,,*1.05,12,0,0,,,,,Melee Offensive
7,Splinterblade,Jagged like broken glass. You’ll need a steady hand and a lot of gauze.,Weapon (Melee),"40 Cinderslag
10 Ooze Shards","40x3
10x25",,,https://kibble.s3.ap-southeast-2.amazonaws.com/ditto-quest/01-swords-160pc/Swords_Normal_14.png,25,420,40,0 m 40 s,,,,,520,13.000,D,,,,,,,,,40,*1.14,*1.10,*1.06,*1.06,250,0,0,,,*1.10,*1.10,,*1.06,15,0,0,,,,,Melee Offensive
8,Embercut,Warms the air around it. Once used to light torches on expedition trails.,Weapon (Melee),"30 Palegrain
30 Dunecryst
30 Cinderslag","30x27
30x18
30x3",,,https://kibble.s3.ap-southeast-2.amazonaws.com/ditto-quest/01-swords-160pc/Swords_Normal_16.png,30,890,45,0 m 45 s,,,,,890,19.778,C,,,,,,,,,50,*1.17,*1.12,*1.07,*1.07,300,0,0,,,*1.12,*1.12,,*1.07,18,0,0,,,,,Melee Offensive
9,Bramblefang,Decorated with curling vine patterns. Draws blood like a thorn.,Weapon (Melee),"50 Ironbloom
15 Ooze Shards","50x4
15x25",,,https://kibble.s3.ap-southeast-2.amazonaws.com/ditto-quest/01-swords-160pc/Swords_Normal_18.png,35,655,50,0 m 50 s,,,,,805,16.100,C,,,,,,,,,60,*1.20,*1.14,*1.08,*1.08,350,0,0,,,*1.14,*1.14,,*1.08,21,0,0,,,,,Melee Offensive
10,Moonbite,Faint lunar etchings glow softly in the dark. Feels lighter under starlight.,Weapon (Melee),"40 Palegrain
30 Spellrose
30 Ironbloom","40x27
30x19
30x4",,,https://kibble.s3.ap-southeast-2.amazonaws.com/ditto-quest/01-swords-160pc/Swords_Normal_20.png,40,1240,55,0 m 55 s,,,,,1240,22.545,C,,,,,,,,,70,*1.23,*1.16,*1.09,*1.09,400,0,0,,,*1.16,*1.16,,*1.09,24,0,0,,,,,Melee Offensive
11,Dusthowl,Kicks up air as it swings. Makes more noise than damage — for now.,Weapon (Melee),"60 Stoneflare
20 Ooze Shards","60x5
20x25",,,https://kibble.s3.ap-southeast-2.amazonaws.com/ditto-quest/01-swords-160pc/Swords_Normal_22.png,45,980,60,1 m 0 s,,,,,1180,19.667,C,,,,,,,,,80,*1.26,*1.18,*1.10,*1.10,450,0,0,,,*1.18,*1.18,,*1.10,27,0,0,,,,,Melee Offensive
12,Thorncleave,Covered in forged briars. Cuts as it drags. Feared in the undergroves.,Weapon (Melee),"30 Ironbark
30 Gildroot
30 Stoneflare","30x28
30x20
30x5",,,https://kibble.s3.ap-southeast-2.amazonaws.com/ditto-quest/01-swords-160pc/Swords_Normal_24.png,50,1500,65,1 m 5 s,,,,,1500,23.077,C,,,,,,,,,90,*1.29,*1.20,*1.11,*1.11,500,0,0,,,*1.20,*1.20,,*1.11,30,0,0,,,,,Melee Offensive
13,Starflare,Its polished finish reflects starlight in dungeons. Favored by lightseers.,Weapon (Melee),"60 Quicksilt
25 Ooze Shards","60x6
25x25",,,https://kibble.s3.ap-southeast-2.amazonaws.com/ditto-quest/01-swords-160pc/Swords_Normal_26.png,55,1260,70,1 m 10 s,,,,,1510,21.571,B,,,,,,,,,100,*1.32,*1.22,*1.12,*1.12,550,0,0,,,*1.22,*1.22,,*1.12,33,0,0,,,,,Melee Offensive
14,Ashsplitter,"Blackened tip, cool to the touch. Used by fire-walkers of Ember Steppe.",Weapon (Melee),"40 Ironbark
40 Blazebloom
40 Quicksilt","40x28
40x21
40x6",,,https://kibble.s3.ap-southeast-2.amazonaws.com/ditto-quest/01-swords-160pc/Swords_Normal_28.png,60,2215,75,1 m 15 s,,,,,2215,29.533,B,,,,,,,,,110,*1.35,*1.24,*1.13,*1.13,600,0,0,,,*1.24,*1.24,,*1.13,36,0,0,,,,,Melee Offensive
15,Daggerroot,The hilt smells faintly of earth. Born from jungle-forged steel.,Weapon (Melee),"70 Emberite
30 Ooze Shards","70x7
30x25",,,https://kibble.s3.ap-southeast-2.amazonaws.com/ditto-quest/01-swords-160pc/Swords_Normal_30.png,65,1805,80,1 m 20 s,,,,,2105,26.313,B,,,,,,,,,120,*1.38,*1.26,*1.14,*1.14,650,0,0,,,*1.26,*1.26,,*1.14,39,0,0,,,,,Melee Offensive
16,Spiritlash,Leaves a faint echo after striking. Those hit feel... slower.,Weapon (Melee),"40 Prismroot
40 Grovegleam
40 Emberite","40x29
40x22
40x7",,,https://kibble.s3.ap-southeast-2.amazonaws.com/ditto-quest/01-swords-160pc/Swords_Normal_32.png,70,2720,85,1 m 25 s,,,,,2720,32.000,B,,,,,,,,,130,*1.41,*1.28,*1.15,*1.15,700,0,0,,,*1.28,*1.28,,*1.15,42,0,0,,,,,Melee Offensive
17,Gleamscourge,Ornate but deadly. Used in ceremonial duels that rarely ended peacefully.,Weapon (Melee),"70 Cragmite
50 Ooze Shards","70x8
50x25",,,https://kibble.s3.ap-southeast-2.amazonaws.com/ditto-quest/01-swords-160pc/Swords_Normal_34.png,75,2700,90,1 m 30 s,,,,,3200,35.556,B,,,,,,,,,140,*1.44,*1.30,*1.16,*1.16,750,0,0,,,*1.30,*1.30,,*1.16,45,0,0,,,,,Melee Offensive
18,Blightpiercer,A twisted core blade once wielded in the Rot Wars. Resists corrosion.,Weapon (Melee),"40 Prismroot
50 Mindmirror
50 Cragmite","40x29
50x23
50x8",,,https://kibble.s3.ap-southeast-2.amazonaws.com/ditto-quest/01-swords-160pc/Swords_Normal_36.png,80,3710,95,1 m 35 s,,,,,3710,39.053,A,,,,,,,,,150,*1.47,*1.32,*1.17,*1.17,800,0,0,,,*1.32,*1.32,,*1.17,45,0,0,,,,,Melee Offensive
19,Gloomfang,"The darker it is, the faster it cuts. Whispers when held at dusk.",Weapon (Melee),"80 Stargrit
60 Ooze Shards","80x9
60x25",,,https://kibble.s3.ap-southeast-2.amazonaws.com/ditto-quest/01-swords-160pc/Swords_Normal_38.png,85,3595,100,1 m 40 s,,,,,4195,41.950,A,,,,,,,,,160,*1.50,*1.34,*1.18,*1.18,850,0,0,,,*1.34,*1.34,,*1.18,45,0,0,,,,,Melee Offensive
20,Thunderbite,"Sparks on metal contact. Loud, erratic, but effective.",Weapon (Melee),"50 Voidorchid
50 Stargrit","50x24
50x9",,,https://kibble.s3.ap-southeast-2.amazonaws.com/ditto-quest/01-swords-160pc/Swords_Normal_40.png,90,3290,105,1 m 45 s,,,,,3290,31.333,A,,,,,,,,,170,*1.53,*1.36,*1.19,*1.19,900,0,0,,,*1.36,*1.36,,*1.19,50,0,0,,,,,Melee Offensive
21,Barksting,Crafted from old wood and thorn. Arrows buzz more than they fly.,Weapon (Ranged),10 Barkwood,10x26,,,https://kibble.s3.ap-southeast-2.amazonaws.com/ditto-quest/02-bows-96pc/Bow_2.png,1,50,20,0 m 20 s,,,,,50,2.500,D,,,,,,,,,1,*1.02,*1.02,*1.02,*1.02,0,50,0,,,*1.02,*1.02,,*1.02,0,3,0,,,,,Ranged Precision
22,Sapshot,Drips resin from the limbs. Makes quivers stickier than they should be.,Weapon (Ranged),20 Barkwood,20x26,,,https://kibble.s3.ap-southeast-2.amazonaws.com/ditto-quest/02-bows-96pc/Bow_4.png,4,105,22,0 m 22 s,,,,,105,4.773,D,,,,,,,,,4,*1.03,*1.03,*1.02,*1.02,0,65,0,,,*1.02,*1.02,,*1.02,0,4,0,,,,,Ranged Precision
23,Driftwhistle,Light and wind-tuned. Hums softly when drawn.,Weapon (Ranged),"20 Barkwood
10 Flintrock","20x26
10x1",,,https://kibble.s3.ap-southeast-2.amazonaws.com/ditto-quest/02-bows-96pc/Bow_6.png,7,170,24,0 m 24 s,,,,,170,7.083,D,,,,,,,,,7,*1.04,*1.04,*1.03,*1.03,0,80,0,,,*1.03,*1.03,,*1.03,0,5,0,,,,,Ranged Precision
24,Mirebranch,Found buried in marsh soil. Pulls just a little left with every shot.,Weapon (Ranged),"20 Barkwood
20 Flintrock","20x26
20x1",,,https://kibble.s3.ap-southeast-2.amazonaws.com/ditto-quest/02-bows-96pc/Bow_8.png,10,235,25,0 m 25 s,,,,,235,9.400,D,,,,,,,,,10,*1.05,*1.04,*1.03,*1.03,0,100,0,,,*1.04,*1.04,,*1.03,0,6,0,,,,,Ranged Precision
25,Glowtwig,Dimly radiant under moonlight. A good companion for late hunts.,Weapon (Ranged),"30 Dusklead
5 Ooze Shards","30x2
5x25",,,https://kibble.s3.ap-southeast-2.amazonaws.com/ditto-quest/02-bows-96pc/Bow_10.png,15,230,30,0 m 30 s,,,,,280,9.333,D,,,,,,,,,20,*1.08,*1.06,*1.04,*1.04,0,150,0,,,*1.06,*1.06,,*1.04,0,9,0,,,,,Ranged Precision
26,Spindlebend,Wobbly-looking but weirdly accurate. Made from scrap and luck.,Weapon (Ranged),"30 Palegrain
30 Hearthshard
30 Dusklead","30x27
30x17
30x2",,,https://kibble.s3.ap-southeast-2.amazonaws.com/ditto-quest/02-bows-96pc/Bow_12.png,20,745,35,0 m 35 s,,,,,745,21.286,D,,,,,,,,,30,*1.11,*1.08,*1.05,*1.05,0,200,0,,,*1.08,*1.08,,*1.05,0,12,0,,,,,Ranged Precision
27,Snarlroot,"Tensioned too tight, it bites back on misfires. Often wrapped in rags.",Weapon (Ranged),"40 Cinderslag
10 Ooze Shards","40x3
10x25",,,https://kibble.s3.ap-southeast-2.amazonaws.com/ditto-quest/02-bows-96pc/Bow_14.png,25,420,40,0 m 40 s,,,,,520,13.000,D,,,,,,,,,40,*1.14,*1.10,*1.06,*1.06,0,250,0,,,*1.10,*1.10,,*1.06,0,15,0,,,,,Ranged Precision
28,Hearthbloom,Warm to the touch. A popular starter bow for cozy rangers.,Weapon (Ranged),"30 Palegrain
30 Dunecryst
30 Cinderslag","30x27
30x18
30x3",,,https://kibble.s3.ap-southeast-2.amazonaws.com/ditto-quest/02-bows-96pc/Bow_16.png,30,890,45,0 m 45 s,,,,,890,19.778,C,,,,,,,,,50,*1.17,*1.12,*1.07,*1.07,0,300,0,,,*1.12,*1.12,,*1.07,0,18,0,,,,,Ranged Precision
29,Vinecoil,Flexible frame lashed with living vines. Grows faint leaves over time.,Weapon (Ranged),"50 Ironbloom
15 Ooze Shards","50x4
15x25",,,https://kibble.s3.ap-southeast-2.amazonaws.com/ditto-quest/02-bows-96pc/Bow_18.png,35,655,50,0 m 50 s,,,,,805,16.100,C,,,,,,,,,60,*1.20,*1.14,*1.08,*1.08,0,350,0,,,*1.14,*1.14,,*1.08,0,21,0,,,,,Ranged Precision
30,Silenttwig,Makes no sound. Even the arrows seem surprised when they hit.,Weapon (Ranged),"40 Palegrain
30 Spellrose
30 Ironbloom","40x27
30x19
30x4",,,https://kibble.s3.ap-southeast-2.amazonaws.com/ditto-quest/02-bows-96pc/Bow_20.png,40,1240,55,0 m 55 s,,,,,1240,22.545,C,,,,,,,,,70,*1.23,*1.16,*1.09,*1.09,0,400,0,,,*1.16,*1.16,,*1.09,0,24,0,,,,,Ranged Precision
31,Flickerbranch,Glimmers when turned sideways. Loses shine in direct moonlight.,Weapon (Ranged),"60 Stoneflare
20 Ooze Shards","60x5
20x25",,,https://kibble.s3.ap-southeast-2.amazonaws.com/ditto-quest/02-bows-96pc/Bow_22.png,45,980,60,1 m 0 s,,,,,1180,19.667,C,,,,,,,,,80,*1.26,*1.18,*1.10,*1.10,0,450,0,,,*1.18,*1.18,,*1.10,0,27,0,,,,,Ranged Precision
32,Dustreel,Quivers with recoil. Once used in desert duels at dawn.,Weapon (Ranged),"30 Ironbark
30 Gildroot
30 Stoneflare","30x28
30x20
30x5",,,https://kibble.s3.ap-southeast-2.amazonaws.com/ditto-quest/02-bows-96pc/Bow_24.png,50,1500,65,1 m 5 s,,,,,1500,23.077,C,,,,,,,,,90,*1.29,*1.20,*1.11,*1.11,0,500,0,,,*1.20,*1.20,,*1.11,0,30,0,,,,,Ranged Precision
33,Gleamthread,String woven from starlit spider silk. It resets itself overnight.,Weapon (Ranged),"60 Quicksilt
25 Ooze Shards","60x6
25x25",,,https://kibble.s3.ap-southeast-2.amazonaws.com/ditto-quest/02-bows-96pc/Bow_26.png,55,1260,70,1 m 10 s,,,,,1510,21.571,B,,,,,,,,,100,*1.32,*1.22,*1.12,*1.12,0,550,0,,,*1.22,*1.22,,*1.12,0,33,0,,,,,Ranged Precision
34,Ashgroove,"Burnt wood, still glowing faintly. Arrows smell like campfire.",Weapon (Ranged),"40 Ironbark
40 Blazebloom
40 Quicksilt","40x28
40x21
40x6",,,https://kibble.s3.ap-southeast-2.amazonaws.com/ditto-quest/02-bows-96pc/Bow_28.png,60,2215,75,1 m 15 s,,,,,2215,29.533,B,,,,,,,,,110,*1.35,*1.24,*1.13,*1.13,0,600,0,,,*1.24,*1.24,,*1.13,0,36,0,,,,,Ranged Precision
35,Briarhook,Fires sticky-tipped arrows that tangle in enemy cloaks.,Weapon (Ranged),"70 Emberite
30 Ooze Shards","70x7
30x25",,,https://kibble.s3.ap-southeast-2.amazonaws.com/ditto-quest/02-bows-96pc/Bow_30.png,65,1805,80,1 m 20 s,,,,,2105,26.313,B,,,,,,,,,120,*1.38,*1.26,*1.14,*1.14,0,650,0,,,*1.26,*1.26,,*1.14,0,39,0,,,,,Ranged Precision
36,Hushbeam,Shots make no noise. Even the wind forgets they passed.,Weapon (Ranged),"40 Prismroot
40 Grovegleam
40 Emberite","40x29
40x22
40x7",,,https://kibble.s3.ap-southeast-2.amazonaws.com/ditto-quest/02-bows-96pc/Bow_32.png,70,2720,85,1 m 25 s,,,,,2720,32.000,B,,,,,,,,,130,*1.41,*1.28,*1.15,*1.15,0,700,0,,,*1.28,*1.28,,*1.15,0,42,0,,,,,Ranged Precision
37,Mistfang,Tends to fog when drawn. Excellent in ambush-heavy regions.,Weapon (Ranged),"70 Cragmite
50 Ooze Shards","70x8
50x25",,,https://kibble.s3.ap-southeast-2.amazonaws.com/ditto-quest/02-bows-96pc/Bow_33.png,75,2700,90,1 m 30 s,,,,,3200,35.556,B,,,,,,,,,140,*1.44,*1.30,*1.16,*1.16,0,750,0,,,*1.30,*1.30,,*1.16,0,45,0,,,,,Ranged Precision
38,Sporespine,Mossy and damp. Arrows grow fluff if left too long.,Weapon (Ranged),"40 Prismroot
50 Mindmirror
50 Cragmite","40x29
50x23
50x8",,,https://kibble.s3.ap-southeast-2.amazonaws.com/ditto-quest/02-bows-96pc/Bow_34.png,80,3710,95,1 m 35 s,,,,,3710,39.053,A,,,,,,,,,150,*1.47,*1.32,*1.17,*1.17,0,800,0,,,*1.32,*1.32,,*1.17,0,45,0,,,,,Ranged Precision
39,Stonepulse,Strikes with heavy force. Arrows hit like falling fruit.,Weapon (Ranged),"80 Stargrit
60 Ooze Shards","80x9
60x25",,,https://kibble.s3.ap-southeast-2.amazonaws.com/ditto-quest/02-bows-96pc/Bow_35.png,85,3595,100,1 m 40 s,,,,,4195,41.950,A,,,,,,,,,160,*1.50,*1.34,*1.18,*1.18,0,850,0,,,*1.34,*1.34,,*1.18,0,45,0,,,,,Ranged Precision
40,Moonbrace,Carved beneath lunar eclipse. Favored by owl-eyed archers.,Weapon (Ranged),"50 Voidorchid
50 Stargrit","50x24
50x9",,,https://kibble.s3.ap-southeast-2.amazonaws.com/ditto-quest/02-bows-96pc/Bow_36.png,90,3290,105,1 m 45 s,,,,,3290,31.333,A,,,,,,,,,170,*1.53,*1.36,*1.19,*1.19,0,900,0,,,*1.36,*1.36,,*1.19,0,50,0,,,,,Ranged Precision
41,Twigwand,A snapped stick with ambition. Best for misfires and sparks.,Weapon (Magic),10 Barkwood,10x26,,,https://kibble.s3.ap-southeast-2.amazonaws.com/ditto-quest/03-staves-80pc/Staff_Normal_1.png,1,50,20,0 m 20 s,,,,,50,2.500,D,,,,,,,,,1,*1.02,*1.02,*1.02,*1.02,0,0,50,,,*1.02,*1.02,,*1.02,0,0,3,,,,,Magic Burst
42,Barkroot Rod,Smells of wet wood and burnt paper. Casts minor but honest spells.,Weapon (Magic),20 Barkwood,20x26,,,https://kibble.s3.ap-southeast-2.amazonaws.com/ditto-quest/03-staves-80pc/Staff_Normal_2.png,4,105,22,0 m 22 s,,,,,105,4.773,D,,,,,,,,,4,*1.03,*1.03,*1.02,*1.02,0,0,65,,,*1.02,*1.02,,*1.02,0,0,4,,,,,Magic Burst
43,Mossvine Staff,Wrapped in creeping green. Useful for growing herbs or headaches.,Weapon (Magic),"20 Barkwood
10 Flintrock","20x26
10x1",,,https://kibble.s3.ap-southeast-2.amazonaws.com/ditto-quest/03-staves-80pc/Staff_Normal_3.png,7,170,24,0 m 24 s,,,,,170,7.083,D,,,,,,,,,7,*1.04,*1.04,*1.03,*1.03,0,0,80,,,*1.03,*1.03,,*1.03,0,0,5,,,,,Magic Burst
44,Embertwig,Smolders faintly. Will ignite scrolls if held too long.,Weapon (Magic),"20 Barkwood
20 Flintrock","20x26
20x1",,,https://kibble.s3.ap-southeast-2.amazonaws.com/ditto-quest/03-staves-80pc/Staff_Normal_4.png,10,235,25,0 m 25 s,,,,,235,9.400,D,,,,,,,,,10,*1.05,*1.04,*1.03,*1.03,0,0,100,,,*1.04,*1.04,,*1.03,0,0,6,,,,,Magic Burst
45,Dewlight Wand,Condensation gathers at its tip. Radiates sleepy warmth.,Weapon (Magic),"30 Dusklead
5 Ooze Shards","30x2
5x25",,,https://kibble.s3.ap-southeast-2.amazonaws.com/ditto-quest/03-staves-80pc/Staff_Normal_5.png,15,230,30,0 m 30 s,,,,,280,9.333,D,,,,,,,,,20,*1.08,*1.06,*1.04,*1.04,0,0,150,,,*1.06,*1.06,,*1.04,0,0,9,,,,,Magic Burst
46,Glowsap Channel,Translucent wood pulsing with syrupy light. Attracts beetles.,Weapon (Magic),"30 Palegrain
30 Hearthshard
30 Dusklead","30x27
30x17
30x2",,,https://kibble.s3.ap-southeast-2.amazonaws.com/ditto-quest/03-staves-80pc/Staff_Normal_6.png,20,745,35,0 m 35 s,,,,,745,21.286,D,,,,,,,,,30,*1.11,*1.08,*1.05,*1.05,0,0,200,,,*1.08,*1.08,,*1.05,0,0,12,,,,,Magic Burst
47,Flicker Staff,Hard to focus on. Glitches slightly between planes when idle.,Weapon (Magic),"40 Cinderslag
10 Ooze Shards","40x3
10x25",,,https://kibble.s3.ap-southeast-2.amazonaws.com/ditto-quest/03-staves-80pc/Staff_Normal_7.png,25,420,40,0 m 40 s,,,,,520,13.000,D,,,,,,,,,40,*1.14,*1.10,*1.06,*1.06,0,0,250,,,*1.10,*1.10,,*1.06,0,0,15,,,,,Magic Burst
48,Thornchant Staff,Covered in natural barbs. Enhances curses by at least 12%.,Weapon (Magic),"30 Palegrain
30 Dunecryst
30 Cinderslag","30x27
30x18
30x3",,,https://kibble.s3.ap-southeast-2.amazonaws.com/ditto-quest/03-staves-80pc/Staff_Normal_8.png,30,890,45,0 m 45 s,,,,,890,19.778,C,,,,,,,,,50,*1.17,*1.12,*1.07,*1.07,0,0,300,,,*1.12,*1.12,,*1.07,0,0,18,,,,,Magic Burst
49,Dustcoil Wand,Leaves a trail of motes when waved. Best for dramatic exits.,Weapon (Magic),"50 Ironbloom
15 Ooze Shards","50x4
15x25",,,https://kibble.s3.ap-southeast-2.amazonaws.com/ditto-quest/03-staves-80pc/Staff_Normal_9.png,35,655,50,0 m 50 s,,,,,805,16.100,C,,,,,,,,,60,*1.20,*1.14,*1.08,*1.08,0,0,350,,,*1.14,*1.14,,*1.08,0,0,21,,,,,Magic Burst
50,Sparkhook,Jerks forward on its own when spells are strong.,Weapon (Magic),"40 Palegrain
30 Spellrose
30 Ironbloom","40x27
30x19
30x4",,,https://kibble.s3.ap-southeast-2.amazonaws.com/ditto-quest/03-staves-80pc/Staff_Normal_10.png,40,1240,55,0 m 55 s,,,,,1240,22.545,C,,,,,,,,,70,*1.23,*1.16,*1.09,*1.09,0,0,400,,,*1.16,*1.16,,*1.09,0,0,24,,,,,Magic Burst
51,Soulreed,Used to stir memory pools. Whispers unintelligibly when near graves.,Weapon (Magic),"60 Stoneflare
20 Ooze Shards","60x5
20x25",,,https://kibble.s3.ap-southeast-2.amazonaws.com/ditto-quest/03-staves-80pc/Staff_Normal_11.png,45,980,60,1 m 0 s,,,,,1180,19.667,C,,,,,,,,,80,*1.26,*1.18,*1.10,*1.10,0,0,450,,,*1.18,*1.18,,*1.10,0,0,27,,,,,Magic Burst
52,Emberlock,Glows red when angry. Locks fire magic into stable orbs.,Weapon (Magic),"30 Ironbark
30 Gildroot
30 Stoneflare","30x28
30x20
30x5",,,https://kibble.s3.ap-southeast-2.amazonaws.com/ditto-quest/03-staves-80pc/Staff_Normal_12.png,50,1500,65,1 m 5 s,,,,,1500,23.077,C,,,,,,,,,90,*1.29,*1.20,*1.11,*1.11,0,0,500,,,*1.20,*1.20,,*1.11,0,0,30,,,,,Magic Burst
53,Hollowbloom,A staff of dry petals and void. Blossoms only in nightmares.,Weapon (Magic),"60 Quicksilt
25 Ooze Shards","60x6
25x25",,,https://kibble.s3.ap-southeast-2.amazonaws.com/ditto-quest/03-staves-80pc/Staff_Normal_13.png,55,1260,70,1 m 10 s,,,,,1510,21.571,B,,,,,,,,,100,*1.32,*1.22,*1.12,*1.12,0,0,550,,,*1.22,*1.22,,*1.12,0,0,33,,,,,Magic Burst
54,Windcrutch,Used to walk on air. Mostly effective on small stairs.,Weapon (Magic),"40 Ironbark
40 Blazebloom
40 Quicksilt","40x28
40x21
40x6",,,https://kibble.s3.ap-southeast-2.amazonaws.com/ditto-quest/03-staves-80pc/Staff_Normal_14.png,60,2215,75,1 m 15 s,,,,,2215,29.533,B,,,,,,,,,110,*1.35,*1.24,*1.13,*1.13,0,0,600,,,*1.24,*1.24,,*1.13,0,0,36,,,,,Magic Burst
55,Sporespike,Rains puffs when slammed. Causes sneezing if used too frequently.,Weapon (Magic),"70 Emberite
30 Ooze Shards","70x7
30x25",,,https://kibble.s3.ap-southeast-2.amazonaws.com/ditto-quest/03-staves-80pc/Staff_Normal_15.png,65,1805,80,1 m 20 s,,,,,2105,26.313,B,,,,,,,,,120,*1.38,*1.26,*1.14,*1.14,0,0,650,,,*1.26,*1.26,,*1.14,0,0,39,,,,,Magic Burst
56,Murmuroak,The wood murmurs gently. No one knows what it’s saying.,Weapon (Magic),"40 Prismroot
40 Grovegleam
40 Emberite","40x29
40x22
40x7",,,https://kibble.s3.ap-southeast-2.amazonaws.com/ditto-quest/03-staves-80pc/Staff_Normal_16.png,70,2720,85,1 m 25 s,,,,,2720,32.000,B,,,,,,,,,130,*1.41,*1.28,*1.15,*1.15,0,0,700,,,*1.28,*1.28,,*1.15,0,0,42,,,,,Magic Burst
57,Gleamroot,"Shines through walls. Sometimes inconvenient, always dazzling.",Weapon (Magic),"70 Cragmite
50 Ooze Shards","70x8
50x25",,,https://kibble.s3.ap-southeast-2.amazonaws.com/ditto-quest/03-staves-80pc/Staff_Normal_17.png,75,2700,90,1 m 30 s,,,,,3200,35.556,B,,,,,,,,,140,*1.44,*1.30,*1.16,*1.16,0,0,750,,,*1.30,*1.30,,*1.16,0,0,45,,,,,Magic Burst
58,Runeberry Rod,Dotted with glowing fruit. Casting causes one to vanish.,Weapon (Magic),"40 Prismroot
50 Mindmirror
50 Cragmite","40x29
50x23
50x8",,,https://kibble.s3.ap-southeast-2.amazonaws.com/ditto-quest/03-staves-80pc/Staff_Normal_18.png,80,3710,95,1 m 35 s,,,,,3710,39.053,A,,,,,,,,,150,*1.47,*1.32,*1.17,*1.17,0,0,800,,,*1.32,*1.32,,*1.17,0,0,45,,,,,Magic Burst
59,Shardstem,Covered in prismatic shards. Shoots rays that taste faintly of ozone.,Weapon (Magic),"80 Stargrit
60 Ooze Shards","80x9
60x25",,,https://kibble.s3.ap-southeast-2.amazonaws.com/ditto-quest/03-staves-80pc/Staff_Normal_19.png,85,3595,100,1 m 40 s,,,,,4195,41.950,A,,,,,,,,,160,*1.50,*1.34,*1.18,*1.18,0,0,850,,,*1.34,*1.34,,*1.18,0,0,45,,,,,Magic Burst
60,Flowthread Staff,Made from silk and sighs. It directs energy like a lazy river.,Weapon (Magic),"50 Voidorchid
50 Stargrit","50x24
50x9",,,https://kibble.s3.ap-southeast-2.amazonaws.com/ditto-quest/03-staves-80pc/Staff_Normal_20.png,90,3290,105,1 m 45 s,,,,,3290,31.333,A,,,,,,,,,170,*1.53,*1.36,*1.19,*1.19,0,0,900,,,*1.36,*1.36,,*1.19,0,0,50,,,,,Magic Burst
61,Blight Helm,"A helm infused with shadowed energy, radiating an aura of corruption and decay.",Hat,"10 Ooze Shards
10 Dusklead","10x25
10x2",,,https://kibble.s3.ap-southeast-2.amazonaws.com/ditto-quest/05-helmets-128pc-32x4/Steel_Helm_2.png,1,65,20,0 m 20 s,,,,,65,3.250,D,,,,,,,,,1,*1.02,*1.02,*1.02,*1.02,*1.02,*1.02,*1.02,,,*1.02,*1.02,,*1.02,3,3,3,,,,,Miscellaneous
62,Void Helm,"A sleek and ethereal helm crafted from voidium, granting enhanced agility and perception.",Hat,"20 Ooze Shards
20 Cinderslag","20x25
20x3",,,https://kibble.s3.ap-southeast-2.amazonaws.com/ditto-quest/05-helmets-128pc-32x4/Steel_Helm_4.png,10,180,30,0 m 30 s,,,,,280,9.333,D,,,,,,,,,10,*1.06,*1.06,*1.05,*1.05,*1.04,*1.04,*1.04,,,*1.04,*1.04,,*1.04,6,6,6,,,,,Miscellaneous
63,Voidheart Helm,"A heavy helm forged from concentrated voidium, exuding an unearthly and intimidating presence.",Hat,"20 Ooze Shards
30 Ironbloom","20x25
40x5",,,https://kibble.s3.ap-southeast-2.amazonaws.com/ditto-quest/05-helmets-128pc-32x4/Steel_Helm_6.png,20,400,40,0 m 40 s,,,,,400,10.000,D,,,,,,,,,20,*1.10,*1.10,*1.08,*1.08,*1.06,*1.06,*1.06,,,*1.06,*1.06,,*1.06,9,9,9,,,,,Miscellaneous
64,Protector Helm,"A protective helm forged by the ancient Vorloran, symbolizing resilience and vigilance.",Hat,"20 Ooze Shards
40 Stoneflare",,,,https://kibble.s3.ap-southeast-2.amazonaws.com/ditto-quest/05-helmets-128pc-32x4/Steel_Helm_8.png,30,535,50,0 m 50 s,,,,,735,14.700,D,,,,,,,,,30,*1.14,*1.14,*1.11,*1.11,*1.08,*1.08,*1.08,,,*1.08,*1.08,,*1.08,12,12,12,,,,,Miscellaneous
65,Watcher Helm,"This helm sharpens awareness, allowing its wearer to detect unseen threats with ease.",Hat,"20 Ooze Shards
50 Quicksilt","20x25
50x6",,,https://kibble.s3.ap-southeast-2.amazonaws.com/ditto-quest/05-helmets-128pc-32x4/Steel_Helm_10.png,40,900,60,1 m 0 s,,,,,900,15.000,D,,,,,,,,,40,*1.18,*1.18,*1.14,*1.14,*1.10,*1.10,*1.10,,,*1.10,*1.10,,*1.10,15,15,15,,,,,Miscellaneous
66,Eldritch Hood,"A hood woven with eldritch threads, crackling with chaotic magic for arcane defense and power.",Hat,"20 Ooze Shards
60 Emberite","20x25
60x7",,,https://kibble.s3.ap-southeast-2.amazonaws.com/ditto-quest/05-helmets-128pc-32x4/Steel_Helm_12.png,50,1160,70,1 m 10 s,,,,,1460,20.857,C,,,,,,,,,50,*1.22,*1.22,*1.17,*1.17,*1.12,*1.12,*1.12,,,*1.12,*1.12,,*1.12,18,18,18,,,,,Miscellaneous
67,Zephyr Crown,"A light crown blessed by unseen winds, offering unmatched grace and agility to its wearer.",Hat,"20 Ooze Shards
70 Cragmite","20x25
70x8",,,https://kibble.s3.ap-southeast-2.amazonaws.com/ditto-quest/05-helmets-128pc-32x4/Steel_Helm_14.png,60,1800,80,1 m 20 s,,,,,1800,22.500,C,,,,,,,,,60,*1.26,*1.26,*1.20,*1.20,*1.14,*1.14,*1.14,,,*1.14,*1.14,,*1.14,21,21,21,,,,,Miscellaneous
68,Glacier Crown,"A crown imbued with eternal frost, protecting the wearer with icy resilience.",Hat,"20 Ooze Shards
80 Stargrit","20x25
80x9",,,https://kibble.s3.ap-southeast-2.amazonaws.com/ditto-quest/05-helmets-128pc-32x4/Steel_Helm_16.png,70,2185,90,1 m 30 s,,,,,2585,28.722,C,,,,,,,,,70,*1.30,*1.30,*1.23,*1.23,*1.16,*1.16,*1.16,,,*1.16,*1.16,,*1.16,24,24,24,,,,,Miscellaneous
69,Terra Crown,"A sturdy helm rooted in the strength of the earth, granting steadfast protection.",Hat,"20 Ooze Shards
90 Paleiron","20x25
90x10",,,https://kibble.s3.ap-southeast-2.amazonaws.com/ditto-quest/05-helmets-128pc-32x4/Steel_Helm_18.png,80,3000,100,1 m 40 s,,,,,3000,30.000,C,,,,,,,,,80,*1.34,*1.34,*1.26,*1.26,*1.18,*1.18,*1.18,,,*1.18,*1.18,,*1.18,27,27,27,,,,,Miscellaneous
70,Inferno Crown,"Forged in molten fire, this fiery helm emanates the raw rage of Ragnar’s forge.",Hat,"20 Ooze Shards
100 Howlglass","20x25
100x11",,,https://kibble.s3.ap-southeast-2.amazonaws.com/ditto-quest/05-helmets-128pc-32x4/Steel_Helm_20.png,90,3775,110,1 m 50 s,,,,,4275,38.864,C,,,,,,,,,90,*1.38,*1.38,*1.29,*1.29,*1.20,*1.20,*1.20,,,*1.20,*1.20,,*1.20,30,30,30,,,,,Miscellaneous
71,Blight Plate,"A corrupted armor forged from shadowed materials, emanating an aura of decay.",Armour,10 Cinderslag,10x3,,,https://kibble.s3.ap-southeast-2.amazonaws.com/ditto-quest/06-armor-128pc-32x4/Steel_Armor_2.png,1,70,20,0 m 20 s,,,,,70,3.500,D,,,,,,,,,1,*1.02,*1.02,*1.02,*1.02,*1.02,*1.02,*1.02,,,*1.02,*1.02,,*1.02,3,3,3,,,,,Miscellaneous
72,Void Plate,"A sleek armor made of voidium, designed for agility and enhanced with ethereal energy.",Armour,"12 Hearthshard
8 Barkwood","12x17
8x26",,,https://kibble.s3.ap-southeast-2.amazonaws.com/ditto-quest/06-armor-128pc-32x4/Steel_Armor_4.png,10,135,30,0 m 30 s,,,,,235,7.833,D,,,,,,,,,10,*1.06,*1.06,*1.05,*1.05,*1.04,*1.04,*1.04,,,*1.04,*1.04,,*1.04,6,6,6,,,,,Miscellaneous
73,Voidheart Plate,"A heavy armor forged from condensed voidium, radiating an intimidating and otherworldly presence.",Armour,"18 Ironbloom
12 Stoneflare","18x4
12x5",,,https://kibble.s3.ap-southeast-2.amazonaws.com/ditto-quest/06-armor-128pc-32x4/Steel_Armor_6.png,20,300,40,0 m 40 s,,,,,300,7.500,D,,,,,,,,,20,*1.10,*1.10,*1.08,*1.08,*1.06,*1.06,*1.06,,,*1.06,*1.06,,*1.06,9,9,9,,,,,Miscellaneous
74,Protector Plate,"Forged by the ancient Vorloran, this plate embodies strength and resilience in battle.",Armour,"24 Dunecryst
16 Palegrain","24x18
16x27",,,https://kibble.s3.ap-southeast-2.amazonaws.com/ditto-quest/06-armor-128pc-32x4/Steel_Armor_8.png,30,385,50,0 m 50 s,,,,,585,11.700,D,,,,,,,,,30,*1.14,*1.14,*1.11,*1.11,*1.08,*1.08,*1.08,,,*1.08,*1.08,,*1.08,12,12,12,,,,,Miscellaneous
75,Watcher Plate,"This armor sharpens its wearer’s awareness, aiding in detecting unseen threats.",Armour,"54 Quicksilt
36 Emberite","54x6
36x7",,,https://kibble.s3.ap-southeast-2.amazonaws.com/ditto-quest/06-armor-128pc-32x4/Steel_Armor_10.png,40,1400,60,1 m 0 s,,,,,1400,23.333,D,,,,,,,,,40,*1.18,*1.18,*1.14,*1.14,*1.10,*1.10,*1.10,,,*1.10,*1.10,,*1.10,15,15,15,,,,,Miscellaneous
76,Eldritch Robes,"Arcane robes crackling with chaotic magic, favored by spellcasters seeking unbridled power.",Armour,"60 Spellrose
40 Ironbark","60x19
40x28",,,https://kibble.s3.ap-southeast-2.amazonaws.com/ditto-quest/06-armor-128pc-32x4/Steel_Armor_12.png,50,1505,70,1 m 10 s,,,,,1805,25.786,C,,,,,,,,,50,*1.22,*1.22,*1.17,*1.17,*1.12,*1.12,*1.12,,,*1.12,*1.12,,*1.12,18,18,18,,,,,Miscellaneous
77,Zephyr Godplate,"A light and graceful armor, blessed by unseen winds to grant unparalleled mobility in combat.",Armour,"66 Cragmite
44 Stargrit","66x8
44x9",,,https://kibble.s3.ap-southeast-2.amazonaws.com/ditto-quest/06-armor-128pc-32x4/Steel_Armor_14.png,60,2300,80,1 m 20 s,,,,,2300,28.750,C,,,,,,,,,60,*1.26,*1.26,*1.20,*1.20,*1.14,*1.14,*1.14,,,*1.14,*1.14,,*1.14,21,21,21,,,,,Miscellaneous
78,Glacier Godplate,"Infused with eternal frost, this plate can freeze incoming strikes, making its wearer nearly untouchable.",Armour,"60 Gildroot
40 Prismroot","60x20
40x29",,,https://kibble.s3.ap-southeast-2.amazonaws.com/ditto-quest/06-armor-128pc-32x4/Steel_Armor_16.png,70,2050,90,1 m 30 s,,,,,2450,27.222,C,,,,,,,,,70,*1.30,*1.30,*1.23,*1.23,*1.16,*1.16,*1.16,,,*1.16,*1.16,,*1.16,24,24,24,,,,,Miscellaneous
79,Terra Godplate,"A sturdy plate forged from the strongest earthly materials, offering unshakable defense in any encounter.",Armour,"90 Howlglass
60 Blazebloom","90x11
60x21",,,https://kibble.s3.ap-southeast-2.amazonaws.com/ditto-quest/06-armor-128pc-32x4/Steel_Armor_18.png,80,4260,100,1 m 40 s,,,,,4260,42.600,C,,,,,,,,,80,*1.34,*1.34,*1.26,*1.26,*1.18,*1.18,*1.18,,,*1.18,*1.18,,*1.18,27,27,27,,,,,Miscellaneous
80,Inferno Godplate,"Born from the molten core of Ragnar’s forge, this armor burns with the rage of a thousand flames.",Armour,"60 Gravegold
40 Mindmirror","60x13
40x23",,,https://kibble.s3.ap-southeast-2.amazonaws.com/ditto-quest/06-armor-128pc-32x4/Steel_Armor_20.png,90,3380,110,1 m 50 s,,,,,3880,35.273,C,,,,,,,,,90,*1.38,*1.38,*1.29,*1.29,*1.20,*1.20,*1.20,,,*1.20,*1.20,,*1.20,30,30,30,,,,,Miscellaneous
81,Sticky Shield,"A basic shield of slimewood, perfect for beginners.",Shield,10 Barkwood,10x26,,,https://kibble.s3.ap-southeast-2.amazonaws.com/ditto-quest/04-shields-100pc/Shield_01.png,1,50,20,0 m 20 s,,,,,50,2.500,D,,,,,,,,,1,*1.02,*1.02,*1.02,*1.02,*1.02,*1.02,*1.02,,,*1.02,*1.02,,*1.02,3,3,3,,,,,Tank
82,Slime Bronze Shield,"Reinforced with slime-bronze, offering reliable protection.",Shield,20 Barkwood,20x26,,,https://kibble.s3.ap-southeast-2.amazonaws.com/ditto-quest/04-shields-100pc/Shield_02.png,4,105,25,0 m 25 s,,,,,105,4.200,D,,,,,,,,,4,*1.05,*1.05,*1.03,*1.03,*1.04,*1.04,*1.04,,,*1.04,*1.04,,*1.03,6,6,6,,,,,Tank
83,Hardened Shield,Made with hardened materials to endure greater impacts.,Shield,"18 Barkwood
12 Flintrock","18x26
12x1",,,https://kibble.s3.ap-southeast-2.amazonaws.com/ditto-quest/04-shields-100pc/Shield_03.png,7,170,30,0 m 30 s,,,,,170,5.667,D,,,,,,,,,7,*1.08,*1.08,*1.04,*1.04,*1.06,*1.06,*1.06,,,*1.06,*1.06,,*1.04,9,9,9,,,,,Tank
84,Alloy Shield,A balanced shield forged with slime-alloy for versatility.,Shield,"24 Flintrock
16 Dusklead","24x1
16x2",,,https://kibble.s3.ap-southeast-2.amazonaws.com/ditto-quest/04-shields-100pc/Shield_04.png,10,255,35,0 m 35 s,,,,,255,7.286,D,,,,,,,,,10,*1.11,*1.11,*1.05,*1.05,*1.08,*1.08,*1.08,,,*1.08,*1.08,,*1.05,12,12,12,,,,,Tank
85,Veil Shield,"Shadowy and sleek, ideal for silent defenders.",Shield,"21 Dusklead
14 Palegrain","21x2
14x27",,,https://kibble.s3.ap-southeast-2.amazonaws.com/ditto-quest/04-shields-100pc/Shield_05.png,15,270,40,0 m 40 s,,,,,270,6.750,D,,,,,,,,,20,*1.14,*1.14,*1.06,*1.06,*1.10,*1.10,*1.10,,,*1.10,*1.10,,*1.06,15,15,15,,,,,Tank
86,Muck Shield,"Crafted from resilient muckstone, unusually tough.",Shield,"54 Palegrain
36 Hearthshard","54x27
36x17",,,https://kibble.s3.ap-southeast-2.amazonaws.com/ditto-quest/04-shields-100pc/Shield_06.png,20,770,45,0 m 45 s,,,,,770,17.111,C,,,,,,,,,30,*1.17,*1.17,*1.07,*1.07,*1.12,*1.12,*1.12,,,*1.12,*1.12,,*1.07,18,18,18,,,,,Tank
87,Glow Shield,"Radiates protective light, instilling courage in its wielder.",Shield,"30 Cinderslag
20 Palegrain","30x3
20x27",,,https://kibble.s3.ap-southeast-2.amazonaws.com/ditto-quest/04-shields-100pc/Shield_07.png,25,500,50,0 m 50 s,,,,,500,10.000,C,,,,,,,,,40,*1.20,*1.20,*1.08,*1.08,*1.14,*1.14,*1.14,,,*1.14,*1.14,,*1.08,21,21,21,,,,,Tank
88,Frost Shield,A frosty shield that chills attackers upon impact.,Shield,"54 Cinderslag
36 Dunecryst","54x3
36x18",,,https://kibble.s3.ap-southeast-2.amazonaws.com/ditto-quest/04-shields-100pc/Shield_08.png,30,895,55,0 m 55 s,,,,,895,16.273,C,,,,,,,,,50,*1.23,*1.23,*1.09,*1.09,*1.16,*1.16,*1.16,,,*1.16,*1.16,,*1.09,24,24,24,,,,,Tank
89,Ember Shield,"Burns brightly, deflecting attacks with fiery resilience.",Shield,"39 Ironbloom
26 Palegrain","39x4
26x27",,,https://kibble.s3.ap-southeast-2.amazonaws.com/ditto-quest/04-shields-100pc/Shield_09.png,35,700,60,1 m 0 s,,,,,700,11.667,C,,,,,,,,,60,*1.26,*1.26,*1.10,*1.10,*1.18,*1.18,*1.18,,,*1.18,*1.18,,*1.10,27,27,27,,,,,Tank
90,Relic Shield,"A relic of old, emanating ancient defensive power.",Shield,"60 Ironbloom
40 Spellrose","60x4
40x19",,,https://kibble.s3.ap-southeast-2.amazonaws.com/ditto-quest/04-shields-100pc/Shield_10.png,40,1335,65,1 m 5 s,,,,,1335,20.538,C,,,,,,,,,70,*1.29,*1.29,*1.11,*1.11,*1.20,*1.20,*1.20,,,*1.20,*1.20,,*1.11,30,30,30,,,,,Tank
91,Fracture Shield,"Forged with dragon’s magma shards, unbreakable and fierce.",Shield,"48 Stoneflare
32 Ironbark","48x5
32x28",,,https://kibble.s3.ap-southeast-2.amazonaws.com/ditto-quest/04-shields-100pc/Shield_11.png,45,1090,70,1 m 10 s,,,,,1090,15.571,B,,,,,,,,,80,*1.32,*1.32,*1.12,*1.12,*1.22,*1.22,*1.22,,,*1.22,*1.22,,*1.12,33,33,33,,,,,Tank
92,Gleam Shield,"Crafted from glittering Crystal, as tough as it is radiant.",Shield,"54 Stoneflare
36 Gildroot","54x5
36x20",,,https://kibble.s3.ap-southeast-2.amazonaws.com/ditto-quest/04-shields-100pc/Shield_12.png,50,1600,75,1 m 15 s,,,,,1600,21.333,B,,,,,,,,,90,*1.35,*1.35,*1.13,*1.13,*1.24,*1.24,*1.24,,,*1.24,*1.24,,*1.13,36,36,36,,,,,Tank
93,Verdant Shield,"Enriched with lush, green Crystal of unparalleled strength.",Shield,"51 Quicksilt
34 Ironbark","51x6
34x28",,,https://kibble.s3.ap-southeast-2.amazonaws.com/ditto-quest/04-shields-100pc/Shield_13.png,55,1365,80,1 m 20 s,,,,,1365,17.063,B,,,,,,,,,100,*1.38,*1.38,*1.14,*1.14,*1.26,*1.26,*1.26,,,*1.26,*1.26,,*1.14,39,39,39,,,,,Tank
94,Sanctum Shield,"A shield of holy power, blessed with sanctified slime.",Shield,"72 Quicksilt
48 Blazebloom","72x6
48x21",,,https://kibble.s3.ap-southeast-2.amazonaws.com/ditto-quest/04-shields-100pc/Shield_14.png,60,2325,85,1 m 25 s,,,,,2325,27.353,B,,,,,,,,,110,*1.41,*1.41,*1.15,*1.15,*1.28,*1.28,*1.28,,,*1.28,*1.28,,*1.15,42,42,42,,,,,Tank
95,Abyss Shield,A dark shield imbued with chaotic abyssal energies.,Shield,"60 Emberite
40 Prismroot","60x7
40x29",,,https://kibble.s3.ap-southeast-2.amazonaws.com/ditto-quest/04-shields-100pc/Shield_15.png,65,1980,90,1 m 30 s,,,,,1980,22.000,B,,,,,,,,,120,*1.44,*1.44,*1.16,*1.16,*1.30,*1.30,*1.30,,,*1.30,*1.30,,*1.16,45,45,45,,,,,Tank
96,Wisp Shield,"Flickering with faint light, mysterious and graceful.",Shield,"72 Emberite
48 Grovegleam","72x7
48x22",,,https://kibble.s3.ap-southeast-2.amazonaws.com/ditto-quest/04-shields-100pc/Shield_16.png,70,2765,95,1 m 35 s,,,,,2765,29.105,A,,,,,,,,,130,*1.47,*1.47,*1.17,*1.17,*1.32,*1.32,*1.32,,,*1.32,*1.32,,*1.17,45,45,45,,,,,Tank
97,Dusk Shield,"Forged in twilight, carrying the essence of dusk.",Shield,"72 Cragmite
48 Prismroot","72x8
48x29",,,https://kibble.s3.ap-southeast-2.amazonaws.com/ditto-quest/04-shields-100pc/Shield_17.png,75,3100,100,1 m 40 s,,,,,3100,31.000,A,,,,,,,,,140,*1.50,*1.50,*1.18,*1.18,*1.34,*1.34,*1.34,,,*1.34,*1.34,,*1.18,45,45,45,,,,,Tank
98,Siphon Shield,"Draws strength from those it deflects, eerie and powerful.",Shield,"84 Cragmite
56 Mindmirror","84x8
56x23",,,https://kibble.s3.ap-southeast-2.amazonaws.com/ditto-quest/04-shields-100pc/Shield_18.png,80,3830,105,1 m 45 s,,,,,3830,36.476,A,,,,,,,,,150,*1.53,*1.53,*1.19,*1.19,*1.36,*1.36,*1.36,,,*1.36,*1.36,,*1.19,50,50,50,,,,,Tank
99,Rift Shield,"Rips through reality, forged from the Nether’s essence.",Shield,"84 Stargrit
56 Voidorchid","84x9
56x24",,,https://kibble.s3.ap-southeast-2.amazonaws.com/ditto-quest/04-shields-100pc/Shield_19.png,85,4295,110,1 m 50 s,,,,,4295,39.045,A,,,,,,,,,160,*1.56,*1.56,*1.20,*1.20,*1.38,*1.38,*1.38,,,*1.38,*1.38,,*1.20,50,50,50,,,,,Tank
100,Eternal Barrier,"A legendary shield, said to be forged from the core of slimes.",Shield,"60 Stargrit
40 Voidorchid","60x9
40x24",,,https://kibble.s3.ap-southeast-2.amazonaws.com/ditto-quest/04-shields-100pc/Shield_20.png,90,3300,200,3 m 20 s,,,,,3300,16.500,S,,,,,,,,,170,*1.59,*1.59,*1.30,*1.30,*1.40,*1.40,*1.40,,,*1.50,*1.50,,*1.30,50,50,50,,,,,Tank
101,Mudmantle,"A coarse, earth-toned cloak worn by foragers of the rootways. Offers modest defense and maximum blend into bogs and thickets.",Cape,10 Ooze Shards,10x25,,,https://kibble.s3.ap-southeast-2.amazonaws.com/ditto-quest/07-capes-10pc/cape-01.png,1,600,20,0 m 20 s,,,,,600,30.000,D,,,,,,,,,1,*1.02,*1.02,*1.02,*1.02,*1.02,*1.02,*1.02,,*1.02,*1.02,*1.02,*0.95,*1.02,5,18,11,,,,,Miscellaneous
102,Verdant Fringe,"Dyed in mossgreen threads and rimmed in forestleather, this cape hums faintly when the wind stirs. Beloved by glade scouts.",Cape,20 Ooze Shards,20x25,,,https://kibble.s3.ap-southeast-2.amazonaws.com/ditto-quest/07-capes-10pc/cape-02.png,10,1320,30,0 m 30 s,,,,,1420,47.333,D,,,,,,,,,10,*1.06,*1.06,*1.05,*1.05,*1.04,*1.04,*1.04,,*1.06,*1.06,*1.06,*0.94,*1.04,20,10,10,,,,,Miscellaneous
103,Crimson Houndhide,Once worn by bloodtrackers during the war of Duskroot. Faint traces of rage remain soaked into its weft.,Cape,"20 Ooze Shards
10 Hearthshard","20x25
10x17",,,https://kibble.s3.ap-southeast-2.amazonaws.com/ditto-quest/07-capes-10pc/cape-03.png,20,1700,40,0 m 40 s,,,,,1700,42.500,D,,,,,,,,,20,*1.10,*1.10,*1.08,*1.08,*1.06,*1.06,*1.06,,*1.10,*1.10,*1.10,*0.93,*1.06,10,20,10,,,,,Miscellaneous
104,Drakeguard Wrap,"Gold-threaded and flame-hardened, it bears the heraldry of the Firewatch Order. Useful against both blade and glare.",Cape,"20 Ooze Shards
20 Dunecryst","20x25
20x18",,,https://kibble.s3.ap-southeast-2.amazonaws.com/ditto-quest/07-capes-10pc/cape-04.png,30,1810,50,0 m 50 s,,,,,2010,40.200,D,,,,,,,,,30,*1.14,*1.14,*1.11,*1.11,*1.08,*1.08,*1.08,,*1.14,*1.14,*1.14,*0.92,*1.08,10,10,20,,,,,Miscellaneous
105,Blazemark Shawl,"A prestige garb woven for Sun-Chosen tacticians. Radiates faint warmth, even at night.",Cape,"20 Ooze Shards
30 Spellrose","20x25
30x19",,,https://kibble.s3.ap-southeast-2.amazonaws.com/ditto-quest/07-capes-10pc/cape-05.png,40,2300,60,1 m 0 s,,,,,2300,38.333,D,,,,,,,,,40,*1.18,*1.18,*1.14,*1.14,*1.10,*1.10,*1.10,,*1.18,*1.18,*1.18,*0.91,*1.10,30,20,20,,,,,Miscellaneous
106,Glaciercoil,"Cut from frostsilk, its fabric stiffens in cold but never breaks. Trusted by Wind Temple archivists.",Cape,"20 Ooze Shards
40 Gildroot","20x25
40x20",,,https://kibble.s3.ap-southeast-2.amazonaws.com/ditto-quest/07-capes-10pc/cape-06.png,50,2670,70,1 m 10 s,,,,,2970,42.429,C,,,,,,,,,50,*1.22,*1.22,*1.17,*1.17,*1.12,*1.12,*1.12,,*1.22,*1.22,*1.22,*0.90,*1.12,20,30,20,,,,,Miscellaneous
107,Emberwing Veil,Decorative winged shoulders crafted from emberweave. Bestows fire resistance and flightless flair.,Cape,"20 Ooze Shards
50 Blazebloom","20x25
50x21",,,https://kibble.s3.ap-southeast-2.amazonaws.com/ditto-quest/07-capes-10pc/cape-07.png,60,3300,80,1 m 20 s,,,,,3300,41.250,C,,,,,,,,,60,*1.26,*1.26,*1.20,*1.20,*1.14,*1.14,*1.14,,*1.26,*1.26,*1.26,*0.89,*1.14,20,20,30,,,,,Miscellaneous
108,Umbravine Mantle,"Etched with spirals of forgotten glyphs, this deep-violet cloak shimmers with sealed whispers.",Cape,"20 Ooze Shards
60 Grovegleam","20x25
60x22",,,https://kibble.s3.ap-southeast-2.amazonaws.com/ditto-quest/07-capes-10pc/cape-08.png,70,3800,90,1 m 30 s,,,,,4200,46.667,C,,,,,,,,,70,*1.30,*1.30,*1.23,*1.23,*1.16,*1.16,*1.16,,*1.30,*1.30,*1.30,*0.88,*1.16,40,30,30,,,,,Miscellaneous
109,Ashflame Drape,Charred at the edges and stitched with phoenixgold. Said to be reborn anew every full moon.,Cape,"20 Ooze Shards
70 Mindmirror","20x25
70x23",,,https://kibble.s3.ap-southeast-2.amazonaws.com/ditto-quest/07-capes-10pc/cape-09.png,80,4700,100,1 m 40 s,,,,,4700,47.000,C,,,,,,,,,80,*1.34,*1.34,*1.26,*1.26,*1.18,*1.18,*1.18,,*1.34,*1.34,*1.34,*0.87,*1.18,30,40,30,,,,,Miscellaneous
110,Crownshroud,"A regal, front-facing cloak set with a soulstone clasp. Crafted for the Slime Regent, said to turn strikes to light.",Cape,"20 Ooze Shards
80 Voidorchid","20x25
80x24",,,https://kibble.s3.ap-southeast-2.amazonaws.com/ditto-quest/07-capes-10pc/cape-10.png,90,5540,110,1 m 50 s,,,,,6040,54.909,B,,,,,,,,,90,*1.38,*1.38,*1.29,*1.29,*1.20,*1.20,*1.20,,*1.38,*1.38,*1.38,*0.86,*1.20,30,30,40,,,,,Miscellaneous
111,Pendant of Origin,Worn by those who walked the world before it was ready. It hums faintly with the echoes of first steps.,Necklace,Beta,,,,https://kibble.s3.ap-southeast-2.amazonaws.com/ditto-quest/08-necklace-amulet/Icon40.png,,,,,,,,,,,A,,,,,,,,,,,*1.05,*1.05,*1.05,,,,,,*1.05,*1.05,,,5,5,5,,,,,
112,Thread of Swiftrite,A fine chain humming with urgency. Work gets done just a little faster.,Necklace,,,-20% Skilling Interval (Farm/Craft),Equippable,https://kibble.s3.ap-southeast-2.amazonaws.com/ditto-quest/08-necklace-amulet/29-Thread-of-Swiftrite.png,,,,,150,10.0M,200.0K,,,,C,0.2,,,,,,20,20,,,,,,,,,,,,,,,,,,,,,,
113,Strand of Timebreak,This strand seems to bend time. Farming and crafting feel nearly instant.,Necklace,,,-40% Skilling Interval (Farm/Craft),Equippable,https://kibble.s3.ap-southeast-2.amazonaws.com/ditto-quest/08-necklace-amulet/28-Strand-of-Timebreak.png,,,,,600,40.0M,800.0K,,,,B,0.4,,,,,,40,40,,,,,,,,,,,,,,,,,,,,,,
114,Necklace of Everlearn,This charm shines brighter the more you learn. XP flows just a bit richer.,Necklace,,, +20% XP Boost,Equippable,https://kibble.s3.ap-southeast-2.amazonaws.com/ditto-quest/08-necklace-amulet/15-Necklace-of-Everlearn.png,,,,,150,10.0M,200.0K,,,,C,,,0.2,0.2,,,30,30,40,,,,,,,,,,,,,,,,,,,,,
115,Sigil of Mastery,An ornate sigil worn by forgotten sages. Accelerates skill gain across the board.,Necklace,,, +40% XP Boost,Equippable,https://kibble.s3.ap-southeast-2.amazonaws.com/ditto-quest/08-necklace-amulet/13-Sigil-of-Mastery.png,,,,,600,40.0M,800.0K,,,,B,,,0.4,0.4,,,60,60,80,,,,,,,,,,,,,,,,,,,,,
116,Locket of Plenty,A small locket that rattles with invisible treasures. Doubles your yield... sometimes.,Necklace,,, +20% Double Resource Chance,Equippable,https://kibble.s3.ap-southeast-2.amazonaws.com/ditto-quest/08-necklace-amulet/08-Locket-of-Plenty.png,,,,,250,20.0M,400.0K,,,,C,,0.2,,,,,20,20,30,,,,,,,,,,,,,,,,,,,,,
117,Heart of Overflow,"This pulsing gem spills with abundance. When it works, it really works.",Necklace,,, +40% Double Resource Chance,Equippable,https://kibble.s3.ap-southeast-2.amazonaws.com/ditto-quest/08-necklace-amulet/22-Heart-of-Overflow.png,,,,,1200,80.0M,1.6M,,,,B,,0.4,,,,,40,40,60,,,,,,,,,,,,,,,,,,,,,
118,Amulet of Echoed Insight,Glimmers faintly with ghostly wisdom. Sometimes your lessons repeat themselves.,Necklace,,, +20% Double XP Chance,Equippable,https://kibble.s3.ap-southeast-2.amazonaws.com/ditto-quest/08-necklace-amulet/44-Amulet-of-Echoed-Insight.png,,,,,250,20.0M,400.0K,,,,C,,,,,0.2,0.2,30,30,40,,,,,,,,,,,,,,,,,,,,,
119,Pendant of the Remembered Path,Every step feels strangely familiar. XP echoes more often than it should.,Necklace,,, +40% Double XP Chance,Equippable,https://kibble.s3.ap-southeast-2.amazonaws.com/ditto-quest/08-necklace-amulet/36-Pendant-of-the-Remembered-Path.png,,,,,1200,80.0M,1.6M,,,,B,,,,,0.4,0.4,60,60,80,,,,,,,,,,,,,,,,,,,,,